comparison,method,n_pairs,mean_wder_noisy,mean_wder_method,mean_wder_reduction,relative_wder_reduction,ci95_low,ci95_high,test,statistic,p_value,normality_p,cohens_dz,holm_p_value
noisy_labels_vs_continuity_smoothing,continuity_smoothing,30,0.3900811280911382,0.44208425999174794,-0.05200313190060982,-0.13331363184650105,-0.1007542386128628,-0.008120784993827426,wilcoxon,51.0,0.9781256805953344,0.0004461820656582919,-0.38805236026993356,0.9781256805953344
noisy_labels_vs_llm_no_profile,llm_no_profile,30,0.3900811280911382,0.3750998546828985,0.0149812734082397,0.038405532412066574,-0.009363295880149813,0.04494382022471911,wilcoxon,8.0,0.13666083914614907,1.113199592810987e-09,0.18685146179121512,0.4099825174384472
noisy_labels_vs_llm_profile,llm_profile,30,0.3900811280911382,0.38072861010552667,0.009352517985611512,0.02397582787810847,-0.001438848920863306,0.029496402877697843,wilcoxon,2.0,0.32736042300928847,1.0421511929451963e-11,0.17317151679042955,0.6547208460185769
